outcome,comparison,coef,std err,t,P>|t|,Conf. Int. Low,Conf. Int. Upp.,pvalue-fdr_bh,reject-fdr_bh
Harm_Index,Instagram-Facebook,0.14710402482359858,0.04804027718560333,3.0620977530013627,0.0022863168706754936,0.05277564511707171,0.24143240453012543,0.006287371394357607,True
Harm_Index,KakaoTalk-Facebook,0.35021140017472285,0.10669722951753839,3.2822914124228197,0.00108337648489122,0.14070851282292066,0.5597142875265251,0.0032501294546736603,True
Harm_Index,LINE-Facebook,0.09554709881140916,0.16492140793550195,0.5793492791959189,0.5625491312735482,-0.2282805329354176,0.41937473055823593,0.6292922485432912,False
Harm_Index,LinkedIn-Facebook,0.23069748484000902,0.08961857598911284,2.574215025108577,0.01026139557168535,0.05472899423370112,0.4066659754463169,0.021846842184878486,True
Harm_Index,Snapchat-Facebook,0.5672203234911551,0.10417324942697213,5.444971013300202,7.290186043181603e-08,0.3626733391087471,0.7717673078735632,4.374111625908962e-07,True
Harm_Index,TikTok-Facebook,0.40863103865391226,0.049696901303979316,8.222465142332576,1.041782427243846e-15,0.3110498328184806,0.506212244489344,6.875764019809383e-14,True
Harm_Index,Twitter-Facebook,0.03347961140361974,0.08113289641051,0.41265150000589373,0.679994567947439,-0.12582701852553443,0.19278624133277392,0.7123752616592217,False
Harm_Index,VKontakte-Facebook,-0.7383194341837933,0.15472695297701528,-4.7717570854863975,2.245185867986318e-06,-1.0421299787162817,-0.43450888965130496,1.2348522273924748e-05,True
Harm_Index,WeChat-Facebook,-0.7258837047542375,0.3427374225455346,-2.117900342959485,0.03455280558973439,-1.3988578761688877,-0.052909533339587256,0.06001276760322289,False
Harm_Index,WhatsApp-Facebook,-0.0780064191682815,0.0695799274100581,-1.1211052105381372,0.2626465481285349,-0.21462848292805178,0.0586156445914888,0.335398801508078,False
Harm_Index,YouTube-Facebook,0.2792269336221761,0.11706094095818102,2.385312567425265,0.017342836409976272,0.04937461938915727,0.5090792478551949,0.03270363437309812,True
Harm_Index,KakaoTalk-Instagram,0.20310737535112428,0.10139928298288686,2.0030454789843306,0.045576562836949566,0.004007148884369011,0.4022076018178795,0.07520132868096678,False
Harm_Index,LINE-Instagram,-0.05155692601218942,0.16215539055035055,-0.31794765402005293,0.7506241600757677,-0.36995340803493415,0.2668395560105553,0.7621722240769333,False
Harm_Index,LinkedIn-Instagram,0.08359346001641044,0.09228297052596396,0.9058384178572935,0.3653484797509106,-0.09760664111098341,0.26479356114380426,0.42303508181684385,False
Harm_Index,Snapchat-Instagram,0.42011629866755656,0.0982891725619773,4.274288690370729,2.1970855285593757e-05,0.22712285787939643,0.6131097394557167,9.062977805307424e-05,True
Harm_Index,TikTok-Instagram,0.2615270138303137,0.03762792952411493,6.950342927125624,8.691249396526982e-12,0.1876435595361569,0.33541046812447045,1.434056150426952e-10,True
Harm_Index,Twitter-Instagram,-0.11362441341997884,0.08106050998059691,-1.4017233970915874,0.16146302123127856,-0.2727889106420285,0.04554008380207081,0.22201165419300803,False
Harm_Index,VKontakte-Instagram,-0.8854234590073919,0.15066982158485434,-5.876581319960869,6.6152159612319995e-09,-1.1812677166468954,-0.5895792013678884,6.237203620590171e-08,True
Harm_Index,WeChat-Instagram,-0.8729877295778361,0.34250480940451666,-2.5488334925737948,0.011031242462901839,-1.545505158817459,-0.20047030033821311,0.02275193757973504,True
Harm_Index,WhatsApp-Instagram,-0.22511044399188007,0.07068735286382122,-3.1845929274725293,0.001517066643565016,-0.363906967492914,-0.08631392049084613,0.004353321672838742,True
Harm_Index,YouTube-Instagram,0.13212290879857752,0.11580404498455968,1.1409179084909655,0.2543135570928162,-0.09526145629681873,0.35950727389397374,0.335398801508078,False
Harm_Index,LINE-KakaoTalk,-0.2546643013633137,0.18800323279614595,-1.354574054795372,0.17601196170647412,-0.6238137186477739,0.11448511592114652,0.2370773361760672,False
Harm_Index,LinkedIn-KakaoTalk,-0.11951391533471384,0.12870436351994155,-0.9285925672302188,0.3534361895014135,-0.3722284037439139,0.13320057307448624,0.41654979476952303,False
Harm_Index,Snapchat-KakaoTalk,0.2170089233164323,0.1347769647490193,1.6101336286994203,0.10784181035783762,-0.04762928135963451,0.4816471279924991,0.15472955399168004,False
Harm_Index,TikTok-KakaoTalk,0.058419638479189406,0.10343390667098902,0.5648016241426067,0.5723985990867148,-0.14467562646475246,0.2615149034231313,0.6296384589953863,False
Harm_Index,Twitter-KakaoTalk,-0.3167317887711031,0.1257333499874465,-2.5190753988717094,0.011999007229160702,-0.5636126119929922,-0.06985096554921397,0.023998014458321403,True
Harm_Index,VKontakte-KakaoTalk,-1.088530834358516,0.1820230334982626,-5.98018181236885,3.633541137910859e-09,-1.4459379690597172,-0.7311236996573148,3.9968952517019445e-08,True
Harm_Index,WeChat-KakaoTalk,-1.0760951049289602,0.3565455582071265,-3.0181138992168535,0.002640488676041059,-1.7761819230648956,-0.3760082867930248,0.006970890104748395,True
Harm_Index,WhatsApp-KakaoTalk,-0.42821781934300435,0.11892431134714905,-3.600759293808347,0.00034084049056485027,-0.6617289115823488,-0.19470672710365983,0.0011247736188640057,True
Harm_Index,YouTube-KakaoTalk,-0.07098446655254675,0.1480185644379356,-0.4795646196279025,0.6316942122650029,-0.361622909290359,0.2196539761852655,0.6834724263850851,False
Harm_Index,LinkedIn-LINE,0.13515038602859986,0.18091493298949674,0.7470383112954319,0.45530368675414573,-0.22008096344263633,0.49038173549983605,0.518104195271959,False
Harm_Index,Snapchat-LINE,0.471673224679746,0.18942927092791317,2.489970121139515,0.013017776382508627,0.09972374306906168,0.8436227062904302,0.025269801213104983,True
Harm_Index,TikTok-LINE,0.3130839398425031,0.16330847129426138,1.9171322673051365,0.055648017155695624,-0.007576647314849416,0.6337445269998556,0.08957973493355881,False
Harm_Index,Twitter-LINE,-0.06206748740778942,0.14856881460812613,-0.41776928470151886,0.6762502604539314,-0.3537863611927995,0.22965138637722063,0.7123752616592217,False
Harm_Index,VKontakte-LINE,-0.8338665329952024,0.21941388542218113,-3.8004273585089368,0.00015766343592947028,-1.2646916137295476,-0.40304145226085714,0.0005780992650747244,True
Harm_Index,WeChat-LINE,-0.8214308035656466,0.3790289706229239,-2.16719793797199,0.030572955627671424,-1.5656644082669882,-0.0771971988643051,0.05453554247098146,False
Harm_Index,WhatsApp-LINE,-0.17355351797969065,0.17620164021072313,-0.9849710693506285,0.3249954317598909,-0.519530189981301,0.1724231540219196,0.39721663881764435,False
Harm_Index,YouTube-LINE,0.18367983481076694,0.19769220032079182,0.9291202916084333,0.35316286677101977,-0.2044941314807272,0.5718538011022611,0.41654979476952303,False
Harm_Index,Snapchat-LinkedIn,0.33652283865114613,0.12935331492747076,2.60157877546344,0.0094854499374465,0.08253411665365934,0.5905115606486329,0.0208679898623823,True
Harm_Index,TikTok-LinkedIn,0.17793355381390324,0.09493184620898776,1.874329436532724,0.061321902130551637,-0.008467686146605702,0.3643347937744122,0.09412198931666066,False
Harm_Index,Twitter-LinkedIn,-0.19721787343638927,0.11198314424872678,-1.7611389174637466,0.07867305611179043,-0.4170997969026893,0.02266405002991073,0.11538714896395931,False
Harm_Index,VKontakte-LinkedIn,-0.9690169190238023,0.1666723949721112,-5.813901691314539,9.464490641608772e-09,-1.2962826610340723,-0.6417511770135322,7.808204779327237e-08,True
Harm_Index,WeChat-LinkedIn,-0.9565811895942464,0.3531577829248582,-2.7086510218515536,0.006929048184536175,-1.650016019608807,-0.2631463595796859,0.016332756434978127,True
Harm_Index,WhatsApp-LinkedIn,-0.3087039040082905,0.11243161691679608,-2.7457036772560497,0.006200845928232328,-0.5294664156518444,-0.08794139236473666,0.015157623380123468,True
Harm_Index,YouTube-LinkedIn,0.048529448782167084,0.13737534109272567,0.35326171637609005,0.724003861732278,-0.2212107379125015,0.3182696354768357,0.7466289824114117,False
Harm_Index,TikTok-Snapchat,-0.15858928483724288,0.09996595559723455,-1.5864329399921235,0.11311506580180282,-0.3548751343312089,0.037696564656723136,0.1588424328280635,False
Harm_Index,Twitter-Snapchat,-0.5337407120875354,0.12452891388627119,-4.286078593562504,2.0866863712282562e-05,-0.778256592545981,-0.2892248316290898,9.062977805307424e-05,True
Harm_Index,VKontakte-Snapchat,-1.3055397576749486,0.18010632001048923,-7.248717077773368,1.1680361668363097e-12,-1.6591833737568715,-0.9518961415930256,2.5696795670398813e-11,True
Harm_Index,WeChat-Snapchat,-1.2931040282453927,0.35486319905718317,-3.643950772243983,0.0002893512777533649,-1.9898874888239706,-0.5963205676668147,0.001005114964827478,True
Harm_Index,WhatsApp-Snapchat,-0.6452267426594367,0.11655062285336341,-5.536021403087823,4.4518469074110535e-08,-0.8740770335324243,-0.4163764517864491,2.9382189588912954e-07,True
Harm_Index,YouTube-Snapchat,-0.28799338986897904,0.14328151006369536,-2.0099829331848365,0.04483517597177765,-0.5693304986037122,-0.006656281134245878,0.07520132868096678,False
Harm_Index,Twitter-TikTok,-0.3751514272502925,0.08156103638482652,-4.5996402679366275,5.065081671911121e-06,-0.5352987215642262,-0.21500413293635884,2.5715030026625694e-05,True
Harm_Index,VKontakte-TikTok,-1.1469504728377056,0.15585864168836708,-7.358914850104916,5.469566367515829e-13,-1.452983118672015,-0.840917827003396,1.8049569012802234e-11,True
Harm_Index,WeChat-TikTok,-1.1345147434081497,0.34027883421764094,-3.334073792795819,0.0009031970781273715,-1.8026614103427656,-0.46636807647353373,0.0028386193884003107,True
Harm_Index,WhatsApp-TikTok,-0.48663745782219375,0.07223565084757044,-6.736804501825309,3.5013526872493085e-11,-0.6284741061656738,-0.3448008094787138,4.6217855471690873e-10,True
Harm_Index,YouTube-TikTok,-0.12940410503173616,0.11581500183173671,-1.1173345679322488,0.26425360118818264,-0.3568099841920265,0.09800177412855418,0.335398801508078,False
Harm_Index,VKontakte-Twitter,-0.7717990455874131,0.17000989151517387,-4.539730239863884,6.682645970013411e-06,-1.105618052058813,-0.43798003911601324,3.150390243006322e-05,True
Harm_Index,WeChat-Twitter,-0.7593633161578572,0.34960107345642005,-2.1720851959927305,0.030200803689817767,-1.4458144512210245,-0.07291218109469011,0.05453554247098146,False
Harm_Index,WhatsApp-Twitter,-0.11148603057190123,0.10158040807296241,-1.0975150886559137,0.2728123372616674,-0.3109419010372333,0.08796983989343082,0.3397285709296236,False
Harm_Index,YouTube-Twitter,0.24574732221855636,0.1358091654004486,1.8095046935451133,0.07082266135954368,-0.02091763627088203,0.5124122807079947,0.10623399203931552,False
Harm_Index,WeChat-VKontakte,0.012435729429555842,0.3741238650613797,0.03323960482316627,0.9734934596388986,-0.7221665682307722,0.7470380270898839,0.9734934596388986,False
Harm_Index,WhatsApp-VKontakte,0.6603130150155119,0.16723486264897094,3.9484172412155534,8.703119411964935e-05,0.3319428525542421,0.9886831774767817,0.000337885812464521,True
Harm_Index,YouTube-VKontakte,1.0175463678059695,0.18004808388198856,5.651525669514562,2.3574722779271336e-08,0.6640170999327513,1.3710756356791878,1.7288130038132314e-07,True
Harm_Index,WhatsApp-WeChat,0.647877285585956,0.34532395356319456,1.8761434846928278,0.06107204632422915,-0.030175609230183142,1.325930180402095,0.09412198931666066,False
Harm_Index,YouTube-WeChat,1.0051106383764137,0.3604122363583189,2.7887805600949154,0.005441565664364674,0.29743149342189124,1.712789783330936,0.013813205148002635,True
Harm_Index,YouTube-WhatsApp,0.3572333527904576,0.13328995278757816,2.6801221346351145,0.007541245481960162,0.09551493619939794,0.6189517693815172,0.017162834545150715,True
Sleep_Harm_Component,Instagram-Facebook,0.1498670670918606,0.07622717197938891,1.9660583385198023,0.04970622175243171,0.00019295937082247638,0.2995411748128987,0.07629327059675566,False
Sleep_Harm_Component,KakaoTalk-Facebook,0.008825816683912246,0.16930019018697687,0.05213116815855271,0.9584397865293536,-0.32359967209178925,0.34125130545961374,0.9862034335577345,False
Sleep_Harm_Component,LINE-Facebook,0.14291154012303586,0.26168651103349333,0.5461173354279029,0.5851678958540932,-0.3709169809214058,0.6567400611674775,0.6896621629708956,False
Sleep_Harm_Component,LinkedIn-Facebook,1.426226570851487,0.14220089900974298,10.02965931146306,3.8138637200781616e-22,1.1470112710609128,1.705441870642061,2.5171500552515867e-20,True
Sleep_Harm_Component,Snapchat-Facebook,0.8425230052988182,0.165295303543779,5.09707769813117,4.497920910487415e-07,0.5179612194426823,1.167084791154954,2.74309296837956e-06,True
Sleep_Harm_Component,TikTok-Facebook,0.40168117975697876,0.07885579485533045,5.093870152395352,4.571821613965933e-07,0.24684570013566812,0.5565166593782894,2.74309296837956e-06,True
Sleep_Harm_Component,Twitter-Facebook,0.1300689313062054,0.1287363772689319,1.0103510294878797,0.3126935126073887,-0.12270841696241896,0.38284627957482975,0.4377187322906654,False
Sleep_Harm_Component,VKontakte-Facebook,0.15400273829433836,0.24551061620352807,0.6272752709262488,0.5306934724158172,-0.3280639770527983,0.636069453641475,0.6486253551748876,False
Sleep_Harm_Component,WeChat-Facebook,-1.639278356578977,0.5438333411610776,-3.0143027882018734,0.0026734299593396066,-2.7071097869414253,-0.5714469262165287,0.00569181862311013,True
Sleep_Harm_Component,WhatsApp-Facebook,-0.09071275180958571,0.11040488114813289,-0.8216371492477241,0.41157702767406573,-0.3074957131184768,0.12607020949930536,0.5223862274324681,False
Sleep_Harm_Component,YouTube-Facebook,1.0242436844252467,0.18574465014041303,5.514256715609162,5.012088589757525e-08,0.6595290550901864,1.388958313760307,4.725683527485666e-07,True
Sleep_Harm_Component,KakaoTalk-Instagram,-0.14104125040794835,0.16089375489364527,-0.8766110934584135,0.38101351345332024,-0.45696047679752505,0.17487797598162835,0.5029378377583827,False
Sleep_Harm_Component,LINE-Instagram,-0.006955526968824732,0.2572975754305343,-0.027033006265939727,0.9784414942994151,-0.5121662546049577,0.4982552006673082,0.9862034335577345,False
Sleep_Harm_Component,LinkedIn-Instagram,1.2763595037596263,0.14642858611897472,8.716600614599741,2.2625451633697707e-17,0.9888430263263988,1.5638759811928538,7.466399039120243e-16,True
Sleep_Harm_Component,Snapchat-Instagram,0.6926559382069576,0.15595883495108073,4.441274124830578,1.0466395961356664e-05,0.3864265601995014,0.9988853162144138,4.063424314409058e-05,True
Sleep_Harm_Component,TikTok-Instagram,0.25181411266511816,0.05970553924952363,4.217600507931553,2.8103549615544274e-05,0.13458067633099602,0.3690475489992403,8.832544164885344e-05,True
Sleep_Harm_Component,Twitter-Instagram,-0.019798135785655202,0.12862151921304177,-0.15392553210993126,0.8777150116442927,-0.27234995716428057,0.23275368559297016,0.965486512808722,False
Sleep_Harm_Component,VKontakte-Instagram,0.004135671202477764,0.23907302528001217,0.017298778051743378,0.9862034335577345,-0.4652906607704622,0.47356200317541775,0.9862034335577345,False
Sleep_Harm_Component,WeChat-Instagram,-1.7891454236708375,0.5434642458322448,-3.292112475460081,0.0010468305308576273,-2.8562521254021096,-0.7220387219395654,0.0025589190754297555,True
Sleep_Harm_Component,WhatsApp-Instagram,-0.2405798189014463,0.11216207147807652,-2.1449302400631094,0.03231895828221608,-0.46081307080752054,-0.020346566995372073,0.05202564016161613,False
Sleep_Harm_Component,YouTube-Instagram,0.8743766173333861,0.18375028975878419,4.758504699400544,2.3925147800886778e-06,0.513577968387513,1.2351752662792592,1.1278998248989481e-05,True
Sleep_Harm_Component,LINE-KakaoTalk,0.13408572343912362,0.2983112421201349,0.4494826359414409,0.65322955271452,-0.45165644471527844,0.7198278915935257,0.7307313640535309,False
Sleep_Harm_Component,LinkedIn-KakaoTalk,1.4174007541675748,0.20421967206035305,6.94056914237278,9.270905538972731e-12,1.016409921095856,1.8183915872392937,1.2237595311444005e-10,True
Sleep_Harm_Component,Snapchat-KakaoTalk,0.8336971886149059,0.21385527879223676,3.898417627674526,0.00010661105802490416,0.41378658189166695,1.2536077953381448,0.00030592738389755106,True
Sleep_Harm_Component,TikTok-KakaoTalk,0.3928553630730665,0.16412216278119968,2.393676493264372,0.016955777687685556,0.07059707073913174,0.7151136554070012,0.0286943930099294,True
Sleep_Harm_Component,Twitter-KakaoTalk,0.12124311462229315,0.19950546196910782,0.6077182720995723,0.543581190851555,-0.2704912398120257,0.512977469056612,0.6522974290218659,False
Sleep_Harm_Component,VKontakte-KakaoTalk,0.1451769216104261,0.28882225273338374,0.5026514412808807,0.615375271692391,-0.42193336000330256,0.7122872032241547,0.7002546195120312,False
Sleep_Harm_Component,WeChat-KakaoTalk,-1.6481041732628894,0.5657431883446057,-2.9131666226248853,0.003697524495645619,-2.7589561793904407,-0.5372521671353379,0.007395048991291238,True
Sleep_Harm_Component,WhatsApp-KakaoTalk,-0.09953856849349796,0.18870132448582527,-0.5274926859401828,0.5980269071830453,-0.47005870763536195,0.27098157064836603,0.6924522083172103,False
Sleep_Harm_Component,YouTube-KakaoTalk,1.0154178677413346,0.23486618372248003,4.323388968337653,1.771141653123572e-05,0.5542517826081653,1.476583952874504,6.152386795060828e-05,True
Sleep_Harm_Component,LinkedIn-LINE,1.283315030728451,0.28706399127028254,4.470484176889178,9.170075791765339e-06,0.7196571429107447,1.8469729185461574,3.7826562641032025e-05,True
Sleep_Harm_Component,Snapchat-LINE,0.6996114651757823,0.30057398622336756,2.327584878406195,0.02023243685868023,0.10942633795759693,1.2897965923939676,0.03338352081682238,True
Sleep_Harm_Component,TikTok-LINE,0.2587696396339429,0.25912720859090566,0.9986201026171386,0.318340896211393,-0.2500336220504092,0.767572901318295,0.4377187322906654,False
Sleep_Harm_Component,Twitter-LINE,-0.01284260881683047,0.23573928472880334,-0.05447801723673136,0.9565706353750197,-0.4757230513199297,0.45003783368626876,0.9862034335577345,False
Sleep_Harm_Component,VKontakte-LINE,0.011091198171302497,0.3481516127420422,0.03185737984652208,0.974595317546638,-0.672513881693072,0.6946962780356769,0.9862034335577345,False
Sleep_Harm_Component,WeChat-LINE,-1.7821898967020129,0.6014183976753321,-2.9633112382173996,0.003151902592649539,-2.963091138367012,-0.6012886550370138,0.006500799097339674,True
Sleep_Harm_Component,WhatsApp-LINE,-0.23362429193262158,0.2795852463444632,-0.8356102297500513,0.4036734344669707,-0.7825974624168827,0.3153488785516395,0.5223862274324681,False
Sleep_Harm_Component,YouTube-LINE,0.8813321443022109,0.31368506252817424,2.8096082650510406,0.005105521269405186,0.2654030652066688,1.497261223397753,0.00936012232724284,True
Sleep_Harm_Component,Snapchat-LinkedIn,-0.5837035655526688,0.20524938573908308,-2.8438748474243125,0.004593355387921484,-0.9867162691998007,-0.18069086190553685,0.008916513400082881,True
Sleep_Harm_Component,TikTok-LinkedIn,-1.0245453910945082,0.15063164892524816,-6.801660862140231,2.301950492961128e-11,-1.3203146956875123,-0.728776086501504,2.5321455422572407e-10,True
Sleep_Harm_Component,Twitter-LinkedIn,-1.2961576395452816,0.1776875342009584,-7.2945896028889265,8.526805154056613e-13,-1.6450519044652891,-0.9472633746252741,1.406922850419341e-11,True
Sleep_Harm_Component,VKontakte-LinkedIn,-1.2722238325571487,0.26446486282063275,-4.810559024697377,1.8623226583844833e-06,-1.791507722256585,-0.7529399428577124,9.454868881028915e-06,True
Sleep_Harm_Component,WeChat-LinkedIn,-3.0655049274304638,0.5603676879479017,-5.4705240743921495,6.35230680624818e-08,-4.165801993573513,-1.965207861287414,5.240653115154748e-07,True
Sleep_Harm_Component,WhatsApp-LinkedIn,-1.5169393226610728,0.1783991413189793,-8.503064036327235,1.2094927553918062e-16,-1.8672308473464894,-1.1666477979756562,2.6608840618619737e-15,True
Sleep_Harm_Component,YouTube-LinkedIn,-0.40198288642624025,0.2179782125474616,-1.8441425027224418,0.06560568027546995,-0.8299889847567644,0.026023211904283916,0.09840852041320493,False
Sleep_Harm_Component,TikTok-Snapchat,-0.4408418255418394,0.15861944467876524,-2.7792420181184507,0.005602044529829271,-0.7522953824955219,-0.12938826858815694,0.009992836188344106,True
Sleep_Harm_Component,Twitter-Snapchat,-0.7124540739926128,0.19759434148435778,-3.605640063579518,0.0003346183694037614,-1.1004358918199104,-0.3244722561653152,0.0008833924952259301,True
Sleep_Harm_Component,VKontakte-Snapchat,-0.6885202670044799,0.28578093704523233,-2.409258903421901,0.016254891281753024,-1.2496588432525007,-0.1273816907564591,0.028232179594623673,True
Sleep_Harm_Component,WeChat-Snapchat,-2.481801361877795,0.563073730802586,-4.407595712803579,1.2178774408402248e-05,-3.5874118161370836,-1.3761909076185068,4.465550616414158e-05,True
Sleep_Harm_Component,WhatsApp-Snapchat,-0.9332357571084039,0.18493491072550838,-5.0462930630418885,5.81591716003568e-07,-1.2963604412668914,-0.5701110729499164,3.198754438019624e-06,True
Sleep_Harm_Component,YouTube-Snapchat,0.18172067912642853,0.22734973545000547,0.7993001565044229,0.4244009281483422,-0.26468665713543066,0.6281280153882878,0.5284992690149167,False
Sleep_Harm_Component,Twitter-TikTok,-0.27161224845077336,0.129415721797428,-2.09875774502825,0.03621365367987128,-0.5257235080202829,-0.01750098888126389,0.05690717006836916,False
Sleep_Harm_Component,VKontakte-TikTok,-0.2476784414626404,0.2473063058847941,-1.0015047557178733,0.3169460259200945,-0.7332710419214541,0.23791415899617324,0.4377187322906654,False
Sleep_Harm_Component,WeChat-TikTok,-2.0409595363359556,0.5399322138929563,-3.7800292033336316,0.00017085986788590587,-3.101130998109773,-0.980788074562138,0.0004698646366862411,True
Sleep_Harm_Component,WhatsApp-TikTok,-0.49239393156656447,0.11461880952366718,-4.295926066697561,1.9985526091193994e-05,-0.7174510548734764,-0.26733680825965256,6.595223610094018e-05,True
Sleep_Harm_Component,YouTube-TikTok,0.6225625046682679,0.18376767536775745,3.387769385570071,0.0007460599768028634,0.2617297186103561,0.9833952907261797,0.0018938445564995765,True
Sleep_Harm_Component,VKontakte-Twitter,0.023933806988132966,0.2697605842001275,0.08872240197395619,0.9293291603997983,-0.5057483744441964,0.5536159884204623,0.9862034335577345,False
Sleep_Harm_Component,WeChat-Twitter,-1.7693472878851824,0.5547241338259324,-3.1895985409576357,0.001491428135084428,-2.8585630833258433,-0.6801314924445212,0.0035155091755561516,True
Sleep_Harm_Component,WhatsApp-Twitter,-0.2207816831157911,0.16118115234844405,-1.3697735740125598,0.1712185318710686,-0.5372652221578159,0.0957018559262337,0.25112051341090064,False
Sleep_Harm_Component,YouTube-Twitter,0.8941747531190414,0.21549310732244595,4.149435516659346,3.764403057653721e-05,0.4710482259111043,1.3173012803269786,0.00011293209172961163,True
Sleep_Harm_Component,WeChat-VKontakte,-1.7932810948733153,0.5936352967624811,-3.0208464770429977,0.0026170990284394824,-2.9589000080170784,-0.6276621817295522,0.00569181862311013,True
Sleep_Harm_Component,WhatsApp-VKontakte,-0.24471549010392407,0.2653573497680162,-0.9222110874933823,0.3567519348029805,-0.7657518019913225,0.27632082178347445,0.48052301422442273,False
Sleep_Harm_Component,YouTube-VKontakte,0.8702409461309084,0.28568853176277564,3.046117884961241,0.002409612326498884,0.3092838101467893,1.4311980821150274,0.005483945294790564,True
Sleep_Harm_Component,WhatsApp-WeChat,1.5485656047693914,0.5479374795271293,2.8261720773432133,0.00485181829420055,0.47267558805313525,2.6244556214856476,0.009149143069063895,True
Sleep_Harm_Component,YouTube-WeChat,2.6635220410042235,0.5718785805131634,4.657495719832988,3.8642374691170655e-06,1.5406230269069177,3.7864210551015294,1.700264486411509e-05,True
Sleep_Harm_Component,YouTube-WhatsApp,1.1149564362348325,0.21149578540125877,5.2717666884921135,1.8272006463302672e-07,0.699678758410803,1.530234114058862,1.339947140642196e-06,True
Mental_Health_Harm_Component,Instagram-Facebook,0.16941183440609323,0.06569783488863024,2.5786517119365815,0.010131860411603789,0.04041236399653064,0.2984113048156558,0.021676166101632297,True
Mental_Health_Harm_Component,KakaoTalk-Facebook,0.7074974127307486,0.14591458206694538,4.848709448423393,1.547637355541389e-06,0.42099019611429767,0.9940046293471996,8.51200545547764e-06,True
Mental_Health_Harm_Component,LINE-Facebook,0.681662175159701,0.22553948609176755,3.022362899604844,0.002604201182364303,0.2388093123278689,1.124515037991533,0.006365825112446074,True
Mental_Health_Harm_Component,LinkedIn-Facebook,0.04409378584186685,0.12255854364744033,0.3597773319558188,0.7191275376281487,-0.19655321951969282,0.28474079120342655,0.7760833986741654,False
Mental_Health_Harm_Component,Snapchat-Facebook,0.6058264212389517,0.14246289450462002,4.2525207938920895,2.4157185198353617e-05,0.3260966862292242,0.8855561562486791,9.378671900537287e-05,True
Mental_Health_Harm_Component,TikTok-Facebook,0.41292862008378983,0.06796336340298702,6.075753161822498,2.0742630094505947e-09,0.27948072334411744,0.5463765168234622,2.738027172474785e-08,True
Mental_Health_Harm_Component,Twitter-Facebook,0.057476744316965866,0.11095389004148781,0.5180236970103004,0.6046135143106061,-0.16038421075858403,0.27533769939251573,0.6763473210932204,False
Mental_Health_Harm_Component,VKontakte-Facebook,-1.1180119752603934,0.21159798412968175,-5.2836608054602205,1.7168697380841074e-07,-1.5334903230435692,-0.7025336274772176,1.6187628959078726e-06,True
Mental_Health_Harm_Component,WeChat-Facebook,-0.526593535861994,0.4687130865118974,-1.1234880164768504,0.2616344875880418,-1.4469243205303668,0.3937372488063787,0.3524056363430767,False
Mental_Health_Harm_Component,WhatsApp-Facebook,-0.07560670775147482,0.09515454219566376,-0.7945675109865671,0.4271477410780733,-0.26244521728703507,0.1112318017840854,0.512577289293688,False
Mental_Health_Harm_Component,YouTube-Facebook,0.1145311375219662,0.1600875519778016,0.7154281273402666,0.47459489199895843,-0.19980508770230915,0.42886736274624154,0.5495309275777414,False
Mental_Health_Harm_Component,KakaoTalk-Instagram,0.5380855783246554,0.1386693362633547,3.8803501395777,0.00011465980469752541,0.26580459721862393,0.8103665594306869,0.00042041928389092656,True
Mental_Health_Harm_Component,LINE-Instagram,0.5122503407536078,0.22175679864459322,2.3099645372071986,0.0211945232714463,0.07682488672813248,0.947675794779083,0.03780644691663394,True
Mental_Health_Harm_Component,LinkedIn-Instagram,-0.12531804856422638,0.12620225601995494,-0.9929937270250639,0.3210731012528676,-0.37311958142545104,0.12248348429699829,0.4075158592824858,False
Mental_Health_Harm_Component,Snapchat-Instagram,0.4364145868328585,0.13441608185083526,3.2467438480847717,0.0012257726279185077,0.17248498545893282,0.7003441882067842,0.003852428259172453,True
Mental_Health_Harm_Component,TikTok-Instagram,0.2435167856776966,0.05145835215574373,4.732308274090652,2.711580576653045e-06,0.14247692359559755,0.34455664775979566,1.2783165575650068e-05,True
Mental_Health_Harm_Component,Twitter-Instagram,-0.11193509008912736,0.11085489744612383,-1.0097442031690889,0.31298401269808035,-0.3296016705342489,0.10573149035599416,0.4050381340798687,False
Mental_Health_Harm_Component,VKontakte-Instagram,-1.2874238096664867,0.20604962421298365,-6.248125006700998,7.404599477739319e-10,-1.692007803136328,-0.8828398161966456,1.2217589138269875e-08,True
Mental_Health_Harm_Component,WeChat-Instagram,-0.6960053702680872,0.46839497469766955,-1.48593688631551,0.13776830589663247,-1.6157115338110302,0.22370079327485592,0.2164930521232796,False
Mental_Health_Harm_Component,WhatsApp-Instagram,-0.24501854215756805,0.09666901003130311,-2.534613130704729,0.011484678437750325,-0.43483075012749783,-0.055206334187638234,0.023207119089687686,True
Mental_Health_Harm_Component,YouTube-Instagram,-0.05488069688412703,0.15836867463185855,-0.34653757765986154,0.7290480411787615,-0.3658418600884511,0.256080466320197,0.7760833986741654,False
Mental_Health_Harm_Component,LINE-KakaoTalk,-0.025835237571047664,0.25710520568085665,-0.10048508159386244,0.9199894216977909,-0.530668242016252,0.4789977668741566,0.9303889968032876,False
Mental_Health_Harm_Component,LinkedIn-KakaoTalk,-0.6634036268888818,0.17601060025759657,-3.7691117803017065,0.00017834388400002894,-1.0090051867909506,-0.31780206698681285,0.0005885348172000955,True
Mental_Health_Harm_Component,Snapchat-KakaoTalk,-0.10167099149179692,0.18431523079399162,-0.5516147040796329,0.5813971086709324,-0.4635789173944818,0.26023693441088797,0.661589813315199,False
Mental_Health_Harm_Component,TikTok-KakaoTalk,-0.2945687926469588,0.141451800873311,-2.0824676025919566,0.037680278087645756,-0.5723132180464922,-0.01682436724742542,0.06376662445601589,False
Mental_Health_Harm_Component,Twitter-KakaoTalk,-0.6500206684137828,0.17194756881929674,-3.780342303629213,0.00017064966524743435,-0.9876443565231727,-0.31239698030439284,0.0005885348172000955,True
Mental_Health_Harm_Component,VKontakte-KakaoTalk,-1.8255093879911422,0.2489269400860199,-7.333514754812453,6.520219339142939e-13,-2.3142841474060334,-1.3367346285762511,4.3033447638343394e-11,True
Mental_Health_Harm_Component,WeChat-KakaoTalk,-1.2340909485927427,0.48759650413478595,-2.530967589241788,0.011603559544843843,-2.191499832973299,-0.2766820642121862,0.023207119089687686,True
Mental_Health_Harm_Component,WhatsApp-KakaoTalk,-0.7831041204822234,0.16263581787722214,-4.815077826665515,1.8220572979944687e-06,-1.1024439345164687,-0.4637643064479782,9.250444743664225e-06,True
Mental_Health_Harm_Component,YouTube-KakaoTalk,-0.5929662752087824,0.2024238779748298,-2.929329687491286,0.003512911639445313,-0.9904310181682501,-0.19550153224931477,0.008280434578692524,True
Mental_Health_Harm_Component,LinkedIn-LINE,-0.6375683893178341,0.2474115490739396,-2.5769548418586354,0.010181229532584867,-1.1233676376165194,-0.1517691410191488,0.021676166101632297,True
Mental_Health_Harm_Component,Snapchat-LINE,-0.07583575392074926,0.25905539463092814,-0.29273952788665597,0.7698122972062422,-0.5844980069581525,0.43282649911665394,0.7938689314939372,False
Mental_Health_Harm_Component,TikTok-LINE,-0.2687335550759111,0.22333370270853178,-1.2032825848350788,0.22929389289447977,-0.7072553027536749,0.16978819260185263,0.32898688980512314,False
Mental_Health_Harm_Component,Twitter-LINE,-0.624185430842735,0.20317637664774446,-3.0721358513293695,0.002211856536209262,-1.023127725238326,-0.22524313644714405,0.005614712745761974,True
Mental_Health_Harm_Component,VKontakte-LINE,-1.7996741504200944,0.3000610750235049,-5.99769280397039,3.280697783753122e-09,-2.3888521626662023,-1.2104961381739865,3.6087675621284344e-08,True
Mental_Health_Harm_Component,WeChat-LINE,-1.208255711021695,0.5183438603775326,-2.3309926158702243,0.02005084349026436,-2.2260378585171203,-0.19047356352626976,0.03675987973215133,True
Mental_Health_Harm_Component,WhatsApp-LINE,-0.7572688829111758,0.24096585082025765,-3.1426398401823383,0.0017484966644055017,-1.2304118288742614,-0.2841259369480902,0.004616031194030525,True
Mental_Health_Harm_Component,YouTube-LINE,-0.5671310376377348,0.2703554245798068,-2.097723907405165,0.036305260289638326,-1.0979812041960115,-0.0362808710794581,0.06305650471358235,False
Mental_Health_Harm_Component,Snapchat-LinkedIn,0.5617326353970848,0.17689807853458236,3.175459225167728,0.0015649003821776469,0.21438848796644316,0.9090767828277265,0.004303476050988529,True
Mental_Health_Harm_Component,TikTok-LinkedIn,0.368834834241923,0.12982474546961942,2.8410210465479775,0.004634157719598909,0.11392044566234621,0.6237492228214998,0.010546703775638896,True
Mental_Health_Harm_Component,Twitter-LinkedIn,0.013382958475099016,0.15314337368909414,0.08738842662738115,0.9303889968032876,-0.2873181854228072,0.3140841023730052,0.9303889968032876,False
Mental_Health_Harm_Component,VKontakte-LinkedIn,-1.1621057611022603,0.22793406130995053,-5.098429582764286,4.4671211273149537e-07,-1.6096604369470342,-0.7145510852574863,3.6853749300348366e-06,True
Mental_Health_Harm_Component,WeChat-LinkedIn,-0.5706873217038608,0.4829635270960744,-1.1816364791255467,0.23777108953620246,-1.518999230736195,0.37762458732847326,0.33389131722105025,False
Mental_Health_Harm_Component,WhatsApp-LinkedIn,-0.11970049359334167,0.15375668578937715,-0.7785059425468679,0.43654688803150576,-0.42160589233870827,0.18220490515202492,0.5145016894657032,False
Mental_Health_Harm_Component,YouTube-LinkedIn,0.07043735168009935,0.18786865950023776,0.374928696821889,0.707832677918136,-0.2984478273089459,0.4393225306691446,0.7760833986741654,False
Mental_Health_Harm_Component,TikTok-Snapchat,-0.19289780115516186,0.1367091788404463,-1.4110084106371048,0.1587083740442805,-0.4613299603037697,0.07553435799344599,0.24359889969587242,False
Mental_Health_Harm_Component,Twitter-Snapchat,-0.5483496769219858,0.17030043335829165,-3.2198959574478825,0.001344596175649899,-0.8827391701370895,-0.21396018370688202,0.004033788526949697,True
Mental_Health_Harm_Component,VKontakte-Snapchat,-1.7238383964993451,0.24630572443894858,-6.998775202752667,6.3045471511723094e-12,-2.2074663283075933,-1.2402104646910967,1.387000373257908e-10,True
Mental_Health_Harm_Component,WeChat-Snapchat,-1.1324199571009457,0.48529578148846714,-2.333463426423494,0.019920070744419306,-2.085311310524241,-0.17952860367765022,0.03675987973215133,True
Mental_Health_Harm_Component,WhatsApp-Snapchat,-0.6814331289904265,0.15938966269499302,-4.275265518908917,2.187730980046643e-05,-0.9943990297886469,-0.3684672281922061,9.024390292692402e-05,True
Mental_Health_Harm_Component,YouTube-Snapchat,-0.4912952837169855,0.19594568437625992,-2.507303415642407,0.012402205191670117,-0.8760399188548975,-0.10655064857907343,0.024074868901477284,True
Mental_Health_Harm_Component,Twitter-TikTok,-0.35545187576682397,0.11153939601667602,-3.186783221541572,0.0015057983998239019,-0.5744624876133915,-0.1364412639202564,0.004303476050988529,True
Mental_Health_Harm_Component,VKontakte-TikTok,-1.5309405953441833,0.21314563336193887,-7.182603608606514,1.8331047058073098e-12,-1.949457794128756,-1.1124233965596104,6.049245529164122e-11,True
Mental_Health_Harm_Component,WeChat-TikTok,-0.9395221559457838,0.4653508259362346,-2.018954525449845,0.043891545136319494,-1.8532510513072302,-0.025793260584337396,0.07242104947492717,False
Mental_Health_Harm_Component,WhatsApp-TikTok,-0.48853532783526465,0.09878639634241372,-4.945370475322351,9.628372625979659e-07,-0.6825050809244324,-0.2945655747460969,5.7770235755877955e-06,True
Mental_Health_Harm_Component,YouTube-TikTok,-0.29839748256182363,0.15838365874891422,-1.8840168545094258,0.059997391462824935,-0.6093880674840477,0.012593102360400454,0.09658116674503527,False
Mental_Health_Harm_Component,VKontakte-Twitter,-1.1754887195773593,0.23249827928855152,-5.055902878827205,5.540807057645118e-07,-1.632005360501674,-0.7189720786530447,4.063258508939754e-06,True
Mental_Health_Harm_Component,WeChat-Twitter,-0.5840702801789599,0.47809952286684176,-1.2216499959604283,0.22227160394340836,-1.5228315857446115,0.3546910253866917,0.3259983524503323,False
Mental_Health_Harm_Component,WhatsApp-Twitter,-0.1330834520684407,0.1389170352142995,-0.9580067114385241,0.3384064866823248,-0.40585079674409436,0.13968389260721298,0.4154782573701152,False
Mental_Health_Harm_Component,YouTube-Twitter,0.05705439320500033,0.18572682439715804,0.3071952228235771,0.758790666955343,-0.30762523480249027,0.42173402121249093,0.7938689314939372,False
Mental_Health_Harm_Component,WeChat-VKontakte,0.5914184393983994,0.5116358471400443,1.155936283011298,0.24812109783593145,-0.4131923432171447,1.5960292220139436,0.34116650952440575,False
Mental_Health_Harm_Component,WhatsApp-VKontakte,1.0424052675089186,0.2287032681240943,4.557894060977344,6.146105613733861e-06,0.5933402333421667,1.4914703016756705,2.704286470042899e-05,True
Mental_Health_Harm_Component,YouTube-VKontakte,1.2325431127823596,0.24622608319250017,5.005737397117081,7.129420848215951e-07,0.7490715587091161,1.716014666855603,4.705417759822528e-06,True
Mental_Health_Harm_Component,WhatsApp-WeChat,0.45098682811051916,0.4722503160552663,0.9549741160104195,0.33993675603009427,-0.4762894021510783,1.3782630583721165,0.4154782573701152,False
Mental_Health_Harm_Component,YouTube-WeChat,0.6411246733839602,0.4928844083190824,1.3007607109553978,0.19378957822257842,-0.32666715345591935,1.6089165002238397,0.29068436733386765,False
Mental_Health_Harm_Component,YouTube-WhatsApp,0.19013784527344102,0.18228165663406867,1.0430991729197616,0.2972802720259789,-0.16777710292893872,0.5480527934758208,0.39240995907429216,False
Conflicts_Over_Social_Media,Instagram-Facebook,0.132455579763003,0.06367403879473754,2.080213259127361,0.03788717614224405,0.0074298875574201895,0.25748127196858583,0.07144438929680307,False
Conflicts_Over_Social_Media,KakaoTalk-Facebook,0.5330320015456278,0.14141974046783243,3.769148492157445,0.00017831820771585055,0.2553505276167915,0.810713475474464,0.0006922942181909492,True
Conflicts_Over_Social_Media,LINE-Facebook,-0.2789996668636251,0.2185918304841688,-1.276349926919301,0.2022760757232647,-0.7082106205596757,0.15021128683242552,0.290222195602945,False
Conflicts_Over_Social_Media,LinkedIn-Facebook,-0.2595583326842522,0.11878317567180871,-2.1851439079335395,0.02922550006951076,-0.4927923012192058,-0.026324364149298618,0.05845100013902152,False
Conflicts_Over_Social_Media,Snapchat-Facebook,0.3463833352347554,0.13807438079009887,2.50867201614562,0.012354719875674141,0.07527056524401216,0.6174961052254986,0.028117638337741148,True
Conflicts_Over_Social_Media,TikTok-Facebook,0.41474309893011796,0.06586977858978979,6.296409488681744,5.524515419617393e-10,0.28540601242670016,0.5440801854335358,9.115450442368698e-09,True
Conflicts_Over_Social_Media,Twitter-Facebook,-0.01733589022315779,0.10753599887888232,-0.16121011013886785,0.8719767345850113,-0.22848572383418686,0.19381394338787128,0.8853917612709346,False
Conflicts_Over_Social_Media,VKontakte-Facebook,-1.133401773591002,0.20507979103422966,-5.526638036225749,4.6854934394206557e-08,-1.5360814734618689,-0.7307220737201352,4.4177509571680467e-07,True
Conflicts_Over_Social_Media,WeChat-Facebook,-0.4598093642418606,0.45427456330565796,-1.0121838231397484,0.31181719799850777,-1.351789719246022,0.4321709907623009,0.4199986748551329,False
Conflicts_Over_Social_Media,WhatsApp-Facebook,-0.08160994762213936,0.09222334376061365,-0.8849163811927732,0.37652061780004925,-0.2626929699878744,0.09947307474359571,0.477891553361601,False
Conflicts_Over_Social_Media,YouTube-Facebook,-0.1505145458402265,0.1551561175869616,-0.9700845070183353,0.33235600802086807,-0.4551677666571837,0.15413867497673073,0.43870993058754587,False
Conflicts_Over_Social_Media,KakaoTalk-Instagram,0.40057642178262476,0.13439768162590424,2.9805307423206053,0.0029822122383660545,0.13668294974653106,0.6644698938187185,0.007873040309286384,True
Conflicts_Over_Social_Media,LINE-Instagram,-0.41145524662662813,0.21492566724350734,-1.9144072083324322,0.05599569620928971,-0.833467589937998,0.010557096684741751,0.09988421485981408,False
Conflicts_Over_Social_Media,LinkedIn-Instagram,-0.39201391244725525,0.1223146449105996,-3.204963009407257,0.001415209892760488,-0.6321820160620625,-0.151845808832448,0.0038918272050913424,True
Conflicts_Over_Social_Media,Snapchat-Instagram,0.21392775547175238,0.13027544705111585,1.6421187592456628,0.10103674455681216,-0.04187159781669722,0.46972710876020196,0.16606826183267517,False
Conflicts_Over_Social_Media,TikTok-Instagram,0.2822875191671149,0.04987319775503192,5.660104662902505,2.2477379422932016e-08,0.18436015049603693,0.3802148878381929,2.472511736522522e-07,True
Conflicts_Over_Social_Media,Twitter-Instagram,-0.1497914699861608,0.10744005571167926,-1.3941864511698845,0.16372554301238104,-0.36075291660118625,0.06116997662886464,0.2572829961623131,False
Conflicts_Over_Social_Media,VKontakte-Instagram,-1.265857353354005,0.1997023461734989,-6.338720488813105,4.267229574260166e-10,-1.657978295232819,-0.873736411475191,9.115450442368698e-09,True
Conflicts_Over_Social_Media,WeChat-Instagram,-0.5922649440048636,0.4539662508013792,-1.3046453188080567,0.1924636061588511,-1.4836399190929286,0.29911003108320133,0.2822799556996483,False
Conflicts_Over_Social_Media,WhatsApp-Instagram,-0.21406552738514237,0.09369115900724018,-2.2847996508251116,0.022637716740355755,-0.3980306445686881,-0.030100410201596622,0.048196429189144505,True
Conflicts_Over_Social_Media,YouTube-Instagram,-0.28297012560322954,0.1534901895850037,-1.843571412403,0.06568904727759874,-0.5843522518649806,0.01841200065852161,0.11409150316635569,False
Conflicts_Over_Social_Media,LINE-KakaoTalk,-0.8120316684092529,0.24918518043408178,-3.2587478396375333,0.0011758558576345545,-1.3013134897112646,-0.32274984710724125,0.0035275675729036634,True
Conflicts_Over_Social_Media,LinkedIn-KakaoTalk,-0.79259033422988,0.17058866259574096,-4.646207562504616,4.074674411965651e-06,-1.127545773325096,-0.45763489513466404,2.2410709265811082e-05,True
Conflicts_Over_Social_Media,Snapchat-KakaoTalk,-0.1866486663108724,0.17863747223835363,-1.0448461007208472,0.2964726155674576,-0.5374081601833045,0.16411082756155976,0.40764984640525415,False
Conflicts_Over_Social_Media,TikTok-KakaoTalk,-0.11828890261550984,0.13709443350242614,-0.86282790331831,0.38854221999702016,-0.3874775196816801,0.15089971445066042,0.4838450286755346,False
Conflicts_Over_Social_Media,Twitter-KakaoTalk,-0.5503678917687855,0.16665079125089224,-3.3025219240646053,0.00100934551097167,-0.877591214289877,-0.2231445692476941,0.0031722287487681057,True
Conflicts_Over_Social_Media,VKontakte-KakaoTalk,-1.6664337751366298,0.2412588431104537,-6.90724432585337,1.1547337492384252e-11,-2.1401520193623362,-1.1927155309109234,3.8106213724868033e-10,True
Conflicts_Over_Social_Media,WeChat-KakaoTalk,-0.9928413657874884,0.4725762846384126,-2.1009123776643848,0.03602336980028574,-1.920757644152152,-0.06492508742282466,0.0699277178476135,False
Conflicts_Over_Social_Media,WhatsApp-KakaoTalk,-0.6146419491677672,0.1576258851525757,-3.899371911997942,0.00010620115844332235,-0.9241446251994817,-0.3051392731360526,0.00043807977857870467,True
Conflicts_Over_Social_Media,YouTube-KakaoTalk,-0.6835465473858543,0.1961882896293306,-3.4841353104067356,0.0005260291475114201,-1.0687675444802562,-0.29832555029145236,0.0017358961867876862,True
Conflicts_Over_Social_Media,LinkedIn-LINE,0.019441334179372882,0.23979013312547529,0.08107645600746964,0.935405470626715,-0.4513930583856414,0.4902757267443872,0.935405470626715,False
Conflicts_Over_Social_Media,Snapchat-LINE,0.6253830020983805,0.2510752945767232,2.4908185536640963,0.012987026275806614,0.1323898907085343,1.1183761134882266,0.02857145780677455,True
Conflicts_Over_Social_Media,TikTok-LINE,0.693742765793743,0.21645399539485374,3.205035622134037,0.00141485838764446,0.26872950894435593,1.1187560226431301,0.0038918272050913424,True
Conflicts_Over_Social_Media,Twitter-LINE,0.2616637766404673,0.19691760787510507,1.3287982698145888,0.18436892759264695,-0.1249892564962855,0.6483168097772201,0.27655339138897045,False
Conflicts_Over_Social_Media,VKontakte-LINE,-0.8544021067273769,0.29081781103175786,-2.9379290893365355,0.0034181534405222343,-1.425430720872125,-0.2833734925826288,0.008676851041325671,True
Conflicts_Over_Social_Media,WeChat-LINE,-0.1808096973782355,0.502376480604613,-0.35990876237006547,0.7190292913770144,-1.1672394641136754,0.8056200693572044,0.7414989567325461,False
Conflicts_Over_Social_Media,WhatsApp-LINE,0.19738971924148574,0.23354299208407173,0.8451964988546032,0.3983042111926171,-0.26117824342852497,0.6559576819114965,0.4868162581243098,False
Conflicts_Over_Social_Media,YouTube-LINE,0.1284851210233986,0.2620272315251221,0.49035025968695917,0.6240473274412955,-0.38601241389421415,0.6429826559410113,0.6851495712873056,False
Conflicts_Over_Social_Media,Snapchat-LinkedIn,0.6059416679190076,0.1714488024517054,3.534242638350842,0.0004372013017515308,0.2692973210221013,0.942586014815914,0.0015186992587158438,True
Conflicts_Over_Social_Media,TikTok-LinkedIn,0.6743014316143702,0.12582554499037346,5.359018565474594,1.1538473336115667e-07,0.42723958101810644,0.9213632822106339,9.519240502295425e-07,True
Conflicts_Over_Social_Media,Twitter-LinkedIn,0.24222244246109442,0.1484258519929389,1.6319424090125334,0.1031636171990861,-0.049215720373870175,0.5336606052960591,0.16606826183267517,False
Conflicts_Over_Social_Media,VKontakte-LinkedIn,-0.8738434409067498,0.22091264174983638,-3.9556063156236148,8.451326392139594e-05,-1.307611370105862,-0.4400755117076377,0.00037185836125414214,True
Conflicts_Over_Social_Media,WeChat-LinkedIn,-0.20025103155760837,0.46808602464433324,-0.427808182715486,0.6689288677259742,-1.1193505633396883,0.7188485002244716,0.7120855688695853,False
Conflicts_Over_Social_Media,WhatsApp-LinkedIn,0.17794838506211286,0.14902027125398307,1.1941220047762904,0.23285473853557034,-0.11465693602100291,0.4705537061452286,0.3269875051776094,False
Conflicts_Over_Social_Media,YouTube-LinkedIn,0.10904378684402571,0.1820814389638843,0.5988737098329636,0.549460436398431,-0.24847802856388362,0.46656560225193505,0.6252480827982146,False
Conflicts_Over_Social_Media,TikTok-Snapchat,0.06835976369536256,0.13249790608533066,0.5159308981934992,0.6060736505006599,-0.19180344783752779,0.3285229752282529,0.6779806937803992,False
Conflicts_Over_Social_Media,Twitter-Snapchat,-0.3637192254579132,0.1650543951531819,-2.203632475950468,0.027891178282442645,-0.6878079811927837,-0.03963046972304268,0.05752555520753795,False
Conflicts_Over_Social_Media,VKontakte-Snapchat,-1.4797851088257574,0.23871837298561743,-6.198873971526746,9.963307498203695e-10,-1.9485150714551107,-1.0110551461964041,1.3151565897628877e-08,True
Conflicts_Over_Social_Media,WeChat-Snapchat,-0.806192699476616,0.4703464348528607,-1.7140402047031964,0.08698592692672999,-1.7297306076572898,0.11734520870405774,0.14720695326061997,False
Conflicts_Over_Social_Media,WhatsApp-Snapchat,-0.42799328285689475,0.15447972651040154,-2.77054661168161,0.0057520541944739234,-0.731318391555486,-0.12466817415830356,0.014060576919825145,True
Conflicts_Over_Social_Media,YouTube-Snapchat,-0.4968978810749819,0.18990965424942183,-2.6164961599180767,0.009084913626821236,-0.8697906082914499,-0.12400515385851385,0.021414439263221483,True
Conflicts_Over_Social_Media,Twitter-TikTok,-0.43207898915327575,0.10810346857163373,-3.996902179572182,7.133476730662653e-05,-0.644343064808392,-0.21981491349815951,0.00033629247444552505,True
Conflicts_Over_Social_Media,VKontakte-TikTok,-1.54814487252112,0.20657976553753615,-7.494174797288253,2.1280211662440422e-13,-1.953769812777494,-1.142519932264746,1.4044939697210678e-11,True
Conflicts_Over_Social_Media,WeChat-TikTok,-0.8745524631719785,0.4510158758512588,-1.9390724584169596,0.0529139216230953,-1.7601342974857643,0.011029371141807354,0.09700885630900806,False
Conflicts_Over_Social_Media,WhatsApp-TikTok,-0.4963530465522573,0.09574332006164403,-5.184205501048867,2.879387893605196e-07,-0.6843476373046351,-0.3083584557998795,2.111551121977144e-06,True
Conflicts_Over_Social_Media,YouTube-TikTok,-0.5652576447703445,0.1535047121221973,-3.6823471863220174,0.00024980002245332354,-0.8666682864254895,-0.26384700311519943,0.0009159334156621864,True
Conflicts_Over_Social_Media,VKontakte-Twitter,-1.1160658833678443,0.22533626077974403,-4.9528907575986985,9.276201538408071e-07,-1.558519707819351,-0.6736120589163377,6.122293015349327e-06,True
Conflicts_Over_Social_Media,WeChat-Twitter,-0.4424734740187028,0.46337185416192783,-0.9548993320256307,0.3399745486482156,-1.3523166049364077,0.46736965689900206,0.4399670629565143,False
Conflicts_Over_Social_Media,WhatsApp-Twitter,-0.06427405739898157,0.1346377503075984,-0.47738511117527344,0.633244300735237,-0.32863891076526625,0.20009079596730311,0.6851495712873056,False
Conflicts_Over_Social_Media,YouTube-Twitter,-0.1331786556170687,0.18000558225298025,-0.7398584752216136,0.45964619429244935,-0.48662447039563156,0.22026715916149414,0.5417258718446725,False
Conflicts_Over_Social_Media,WeChat-VKontakte,0.6735924093491414,0.49587510508982635,1.3583912610961224,0.17479881226849564,-0.30007173124712827,1.647256549945411,0.26829585138885376,False
Conflicts_Over_Social_Media,WhatsApp-VKontakte,1.0517918259688628,0.22165815344908787,4.745107768889026,2.5508846345809286e-06,0.6165600644448255,1.4870235874929,1.530530780748557e-05,True
Conflicts_Over_Social_Media,YouTube-VKontakte,0.9828872277507755,0.23864118505659945,4.118682311762994,4.2892617418847374e-05,0.5143088257014963,1.4514656298000548,0.00021776251920337897,True
Conflicts_Over_Social_Media,WhatsApp-WeChat,0.37819941661972123,0.4577028298771845,0.8262990567945658,0.4089299387776004,-0.5205124322441605,1.276911265483603,0.49071592653312046,False
Conflicts_Over_Social_Media,YouTube-WeChat,0.3092948184016341,0.477701297003653,0.647464891432499,0.5175538866308985,-0.6286845599431004,1.2472741967463685,0.599272921362093,False
Conflicts_Over_Social_Media,YouTube-WhatsApp,-0.06890459821808714,0.1766665415346187,-0.39002630390307913,0.6966416113384493,-0.4157941165056807,0.2779849200695064,0.7298150214021849,False
